{"Accels": [1.0, 1.0, 1.0], "AccelBias": [0.0, 0.0, 0.0], "GyroBias": [0.0, 0.0, 0.0], "MagBias": [-67.18981091741828, -32.007786079211506, 28.34348559270554], "Magtransform": [[1.0137000488994516, -0.0099524824859762, 0.0007801245567608919], [-0.009952482485976235, 1.0054796428633614, -0.0038545339362579933], [0.0007801245567608788, -0.0038545339362580206, 0.9812196527327497]]}